2020-05-29;07:58:29;-127.00;-127.00;0.00;0.00;0.00;0.00;0.00
2020-05-29;07:59:29;-127.00;-127.00;0.00;0.00;0.00;0.00;0.00
2020-05-29;08:00:30;-127.00;-127.00;0.00;0.00;0.00;0.00;0.00
2020-05-29;08:01:30;-127.00;-127.00;0.00;0.00;0.00;0.00;0.00
2020-05-29;08:02:31;-127.00;-127.00;0.00;0.00;0.00;0.00;0.00
2020-05-29;08:03:31;-127.00;-127.00;0.00;0.00;0.00;0.00;0.00
2020-05-29;08:04:32;-127.00;-127.00;0.00;0.00;0.00;0.00;0.00
2020-05-29;08:05:32;-127.00;-127.00;0.00;0.00;0.00;0.00;0.00
2020-05-29;08:06:33;-127.00;-127.00;0.00;0.00;0.00;0.00;0.00
2020-05-29;08:07:33;-127.00;-127.00;0.00;0.00;0.00;0.00;0.00
2020-05-29;08:08:33;-127.00;-127.00;0.00;0.00;0.00;0.00;0.00
2020-05-29;08:09:34;-127.00;-127.00;0.00;0.00;0.00;0.00;0.00
2020-05-29;08:10:34;-127.00;-127.00;0.00;0.00;0.00;0.00;0.00
2020-05-29;08:11:35;-127.00;-127.00;0.00;0.00;0.00;0.00;0.00
2020-05-29;08:12:35;-127.00;-127.00;0.00;0.00;0.00;0.00;0.00
2020-05-29;08:13:36;-127.00;-127.00;0.00;0.00;0.00;0.00;0.00
2020-05-29;08:14:36;-127.00;-127.00;0.00;0.00;0.00;0.00;0.00
2020-05-29;08:15:37;-127.00;-127.00;0.00;0.00;0.00;0.00;0.00
2020-05-29;08:16:37;-127.00;-127.00;0.00;0.00;0.00;0.00;0.00
2020-05-29;08:17:38;-127.00;-127.00;0.00;0.00;0.00;0.00;0.00
2020-05-29;08:18:38;-127.00;-127.00;0.00;0.00;0.00;0.00;0.00
2020-05-29;08:19:38;-127.00;-127.00;0.00;0.00;0.00;0.00;0.00
2020-05-29;08:20:39;-127.00;-127.00;0.00;0.00;0.00;0.00;0.00
2020-05-29;08:21:39;-127.00;-127.00;0.00;0.00;0.00;0.00;0.00
2020-05-29;08:22:40;-127.00;-127.00;0.00;0.00;0.00;0.00;0.00
2020-05-29;08:23:40;-127.00;-127.00;0.00;0.00;0.00;0.00;0.00
2020-05-29;08:24:41;-127.00;-127.00;0.00;0.00;0.00;0.00;0.00
2020-05-29;08:25:41;-127.00;-127.00;0.00;0.00;0.00;0.00;0.00
2020-05-29;08:26:42;-127.00;-127.00;0.00;0.00;0.00;0.00;0.00
2020-05-29;08:27:42;-127.00;-127.00;0.00;0.00;0.00;0.00;0.00
2020-05-29;08:28:43;-127.00;-127.00;0.00;0.00;0.00;0.00;0.00
2020-05-29;08:29:43;-127.00;-127.00;0.00;0.00;0.00;0.00;0.00
2020-05-29;08:30:44;-127.00;-127.00;0.00;0.00;0.00;0.00;0.00
2020-05-29;08:31:44;-127.00;-127.00;0.00;0.00;0.00;0.00;0.00
2020-05-29;08:32:44;-127.00;-127.00;0.00;0.00;0.00;0.00;0.00
2020-05-29;08:33:45;-127.00;-127.00;0.00;0.00;0.00;0.00;0.00
2020-05-29;08:34:45;-127.00;-127.00;0.00;0.00;0.00;0.00;0.00
2020-05-29;08:35:46;-127.00;-127.00;0.00;0.00;0.00;0.00;0.00
2020-05-29;08:36:46;-127.00;-127.00;0.00;0.00;0.00;0.00;0.00
2020-05-29;08:37:47;-127.00;-127.00;0.00;0.00;0.00;0.00;0.00
2020-05-29;08:38:47;-127.00;-127.00;0.00;0.00;0.00;0.00;0.00
2020-05-29;08:39:48;-127.00;-127.00;0.00;0.00;0.00;0.00;0.00
2020-05-29;08:40:48;-127.00;-127.00;0.00;0.00;0.00;0.00;0.00
2020-05-29;08:41:49;-127.00;-127.00;0.00;0.00;0.00;0.00;0.00
2020-05-29;08:42:49;-127.00;-127.00;0.00;0.00;0.00;0.00;0.00
2020-05-29;08:43:49;-127.00;-127.00;0.00;0.00;0.00;0.00;0.00
2020-05-29;08:44:50;-127.00;-127.00;0.00;0.00;0.00;0.00;0.00
2020-05-29;08:45:50;-127.00;-127.00;0.00;0.00;0.00;0.00;0.00
2020-05-29;08:46:51;-127.00;-127.00;0.00;0.00;0.00;0.00;0.00
2020-05-29;08:47:51;-127.00;-127.00;0.00;0.00;0.00;0.00;0.00
2020-05-29;08:48:52;-127.00;-127.00;0.00;0.00;0.00;0.00;0.00
2020-05-29;08:49:52;-127.00;-127.00;0.00;0.00;0.00;0.00;0.00
2020-05-29;08:50:53;-127.00;-127.00;0.00;0.00;0.00;0.00;0.00
2020-05-29;08:51:53;-127.00;-127.00;0.00;0.00;0.00;0.00;0.00
2020-05-29;08:52:54;-127.00;-127.00;0.00;0.00;0.00;0.00;0.00
2020-05-29;08:53:54;-127.00;-127.00;0.00;0.00;0.00;0.00;0.00
2020-05-29;08:54:54;-127.00;-127.00;0.00;0.00;0.00;0.00;0.00
2020-05-29;08:55:55;-127.00;-127.00;0.00;0.00;0.00;0.00;0.00
2020-05-29;08:56:55;-127.00;-127.00;0.00;0.00;0.00;0.00;0.00
2020-05-29;08:57:56;-127.00;-127.00;0.00;0.00;0.00;0.00;0.00
2020-05-29;08:58:56;-127.00;-127.00;0.00;0.00;0.00;0.00;0.00
2020-05-29;08:59:57;-127.00;-127.00;0.00;0.00;0.00;0.00;0.00
2020-05-29;09:00:57;-127.00;-127.00;0.00;0.00;0.00;0.00;0.00
2020-05-29;09:01:58;-127.00;-127.00;0.00;0.00;0.00;0.00;0.00
2020-05-29;09:02:58;-127.00;-127.00;0.00;0.00;0.00;0.00;0.00
2020-05-29;09:03:59;-127.00;-127.00;0.00;0.00;0.00;0.00;0.00
2020-05-29;09:04:59;-127.00;-127.00;0.00;0.00;0.00;0.00;0.00
2020-05-29;09:06:00;-127.00;-127.00;0.00;0.00;0.00;0.00;0.00
2020-05-29;09:07:00;-127.00;-127.00;0.00;0.00;0.00;0.00;0.00
2020-05-29;09:08:00;-127.00;-127.00;0.00;0.00;0.00;0.00;0.00
2020-05-29;09:09:01;-127.00;-127.00;0.00;0.00;0.00;0.00;0.00
2020-05-29;09:10:01;-127.00;-127.00;0.00;0.00;0.00;0.00;0.00
2020-05-29;09:11:02;-127.00;-127.00;0.00;0.00;0.00;0.00;0.00
2020-05-29;09:12:02;-127.00;-127.00;0.00;0.00;0.00;0.00;0.00
2020-05-29;09:13:03;-127.00;-127.00;0.00;0.00;0.00;0.00;0.00
2020-05-29;09:14:03;-127.00;-127.00;0.00;0.00;0.00;0.00;0.00
2020-05-29;09:15:04;-127.00;-127.00;0.00;0.00;0.00;0.00;0.00
2020-05-29;09:16:04;-127.00;-127.00;0.00;0.00;0.00;0.00;0.00
2020-05-29;09:17:05;-127.00;-127.00;0.00;0.00;0.00;0.00;0.00
2020-05-29;09:18:05;-127.00;-127.00;0.00;0.00;0.00;0.00;0.00
2020-05-29;09:19:05;-127.00;-127.00;0.00;0.00;0.00;0.00;0.00
2020-05-29;09:20:06;-127.00;-127.00;0.00;0.00;0.00;0.00;0.00
2020-05-29;09:21:06;-127.00;-127.00;0.00;0.00;0.00;0.00;0.00
2020-05-29;09:22:07;-127.00;-127.00;0.00;0.00;0.00;0.00;0.00
2020-05-29;09:23:07;-127.00;-127.00;0.00;0.00;0.00;0.00;0.00
2020-05-29;09:24:08;-127.00;-127.00;0.00;0.00;0.00;0.00;0.00
2020-05-29;09:25:08;-127.00;-127.00;0.00;0.00;0.00;0.00;0.00
2020-05-29;09:26:09;-127.00;-127.00;0.00;0.00;0.00;0.00;0.00
2020-05-29;09:27:09;-127.00;-127.00;0.00;0.00;0.00;0.00;0.00
2020-05-29;09:28:10;-127.00;-127.00;0.00;0.00;0.00;0.00;0.00
2020-05-29;09:29:10;-127.00;-127.00;0.00;0.00;0.00;0.00;0.00
2020-05-29;09:30:11;-127.00;-127.00;0.00;0.00;0.00;0.00;0.00
2020-05-29;09:31:11;-127.00;-127.00;0.00;0.00;0.00;0.00;0.00
2020-05-29;09:32:11;-127.00;-127.00;0.00;0.00;0.00;0.00;0.00
2020-05-29;09:33:12;-127.00;-127.00;0.00;0.00;0.00;0.00;0.00
2020-05-29;09:34:12;-127.00;-127.00;0.00;0.00;0.00;0.00;0.00
2020-05-29;09:35:13;-127.00;-127.00;0.00;0.00;0.00;0.00;0.00
2020-05-29;09:36:13;-127.00;-127.00;0.00;0.00;0.00;0.00;0.00
2020-05-29;09:37:14;-127.00;-127.00;0.00;0.00;0.00;0.00;0.00
2020-05-29;09:38:14;-127.00;-127.00;0.00;0.00;0.00;0.00;0.00
2020-05-29;09:39:15;-127.00;-127.00;0.00;0.00;0.00;0.00;0.00
2020-05-29;09:40:15;-127.00;-127.00;0.00;0.00;0.00;0.00;0.00
2020-05-29;09:41:16;-127.00;-127.00;0.00;0.00;0.00;0.00;0.00
2020-05-29;09:42:16;-127.00;-127.00;0.00;0.00;0.00;0.00;0.00
2020-05-29;09:43:16;-127.00;-127.00;0.00;0.00;0.00;0.00;0.00
2020-05-29;09:44:17;-127.00;-127.00;0.00;0.00;0.00;0.00;0.00
2020-05-29;09:45:17;-127.00;-127.00;0.00;0.00;0.00;0.00;0.00
2020-05-29;09:46:18;-127.00;-127.00;0.00;0.00;0.00;0.00;0.00
2020-05-29;09:47:18;-127.00;-127.00;0.00;0.00;0.00;0.00;0.00
2020-05-29;09:48:19;-127.00;-127.00;0.00;0.00;0.00;0.00;0.00
2020-05-29;09:49:19;-127.00;-127.00;0.00;0.00;0.00;0.00;0.00
2020-05-29;09:50:20;-127.00;-127.00;0.00;0.00;0.00;0.00;0.00
2020-05-29;09:51:20;-127.00;-127.00;0.00;0.00;0.00;0.00;0.00
2020-05-29;09:52:21;-127.00;-127.00;0.00;0.00;0.00;0.00;0.00
2020-05-29;09:53:21;-127.00;-127.00;0.00;0.00;0.00;0.00;0.00
2020-05-29;09:54:22;-127.00;-127.00;0.00;0.00;0.00;0.00;0.00
2020-05-29;09:55:22;-127.00;-127.00;0.00;0.00;0.00;0.00;0.00
2020-05-29;09:56:22;-127.00;-127.00;0.00;0.00;0.00;0.00;0.00
2020-05-29;09:57:23;-127.00;-127.00;0.00;0.00;0.00;0.00;0.00
2020-05-29;09:58:23;-127.00;-127.00;0.00;0.00;0.00;0.00;0.00
2020-05-29;09:59:24;-127.00;-127.00;0.00;0.00;0.00;0.00;0.00
2020-05-29;10:00:24;-127.00;-127.00;0.00;0.00;0.00;0.00;0.00
2020-05-29;10:01:25;-127.00;-127.00;0.00;0.00;0.00;0.00;0.00
2020-05-29;10:02:25;-127.00;-127.00;0.00;0.00;0.00;0.00;0.00
2020-05-29;10:03:26;-127.00;-127.00;0.00;0.00;0.00;0.00;0.00
2020-05-29;10:04:26;-127.00;-127.00;0.00;0.00;0.00;0.00;0.00
2020-05-29;10:05:27;-127.00;-127.00;0.00;0.00;0.00;0.00;0.00
2020-05-29;10:06:27;-127.00;-127.00;0.00;0.00;0.00;0.00;0.00
2020-05-29;10:07:27;-127.00;-127.00;0.00;0.00;0.00;0.00;0.00
2020-05-29;10:08:28;-127.00;-127.00;0.00;0.00;0.00;0.00;0.00
2020-05-29;10:09:28;-127.00;-127.00;0.00;0.00;0.00;0.00;0.00
2020-05-29;10:10:29;-127.00;-127.00;0.00;0.00;0.00;0.00;0.00
2020-05-29;10:11:29;-127.00;-127.00;0.00;0.00;0.00;0.00;0.00
2020-05-29;10:12:30;-127.00;-127.00;0.00;0.00;0.00;0.00;0.00
2020-05-29;10:13:30;-127.00;-127.00;0.00;0.00;0.00;0.00;0.00
2020-05-29;10:14:31;-127.00;-127.00;0.00;0.00;0.00;0.00;0.00
2020-05-29;10:15:31;-127.00;-127.00;0.00;0.00;0.00;0.00;0.00
2020-05-29;10:16:32;-127.00;-127.00;0.00;0.00;0.00;0.00;0.00
2020-05-29;10:17:32;-127.00;-127.00;0.00;0.00;0.00;0.00;0.00
2020-05-29;10:18:33;-127.00;-127.00;0.00;0.00;0.00;0.00;0.00
2020-05-29;10:19:33;-127.00;-127.00;0.00;0.00;0.00;0.00;0.00
2020-05-29;10:20:33;-127.00;-127.00;0.00;0.00;0.00;0.00;0.00
2020-05-29;10:21:34;-127.00;-127.00;0.00;0.00;0.00;0.00;0.00
2020-05-29;10:22:34;-127.00;-127.00;0.00;0.00;0.00;0.00;0.00
2020-05-29;10:23:35;-127.00;-127.00;0.00;0.00;0.00;0.00;0.00
2020-05-29;10:24:35;-127.00;-127.00;0.00;0.00;0.00;0.00;0.00
2020-05-29;10:25:36;-127.00;-127.00;0.00;0.00;0.00;0.00;0.00
2020-05-29;10:26:36;-127.00;-127.00;0.00;0.00;0.00;0.00;0.00
2020-05-29;10:27:37;-127.00;-127.00;0.00;0.00;0.00;0.00;0.00
2020-05-29;10:28:37;-127.00;-127.00;0.00;0.00;0.00;0.00;0.00
2020-05-29;10:29:38;-127.00;-127.00;0.00;0.00;0.00;0.00;0.00
2020-05-29;10:30:38;-127.00;-127.00;0.00;0.00;0.00;0.00;0.00
2020-05-29;10:31:38;-127.00;-127.00;0.00;0.00;0.00;0.00;0.00
2020-05-29;10:32:39;-127.00;-127.00;0.00;0.00;0.00;0.00;0.00
2020-05-29;10:33:39;-127.00;-127.00;0.00;0.00;0.00;0.00;0.00
2020-05-29;10:34:40;-127.00;-127.00;0.00;0.00;0.00;0.00;0.00
2020-05-29;10:35:40;-127.00;-127.00;0.00;0.00;0.00;0.00;0.00
2020-05-29;10:36:41;-127.00;-127.00;0.00;0.00;0.00;0.00;0.00
2020-05-29;10:37:41;-127.00;-127.00;0.00;0.00;0.00;0.00;0.00
2020-05-29;10:38:42;-127.00;-127.00;0.00;0.00;0.00;0.00;0.00
2020-05-29;10:39:42;-127.00;-127.00;0.00;0.00;0.00;0.00;0.00
2020-05-29;10:40:43;-127.00;-127.00;0.00;0.00;0.00;0.00;0.00
2020-05-29;10:41:43;-127.00;-127.00;0.00;0.00;0.00;0.00;0.00
2020-05-29;10:42:44;-127.00;-127.00;0.00;0.00;0.00;0.00;0.00
2020-05-29;10:43:44;-127.00;-127.00;0.00;0.00;0.00;0.00;0.00
2020-05-29;10:44:44;-127.00;-127.00;0.00;0.00;0.00;0.00;0.00
2020-05-29;10:45:45;-127.00;-127.00;0.00;0.00;0.00;0.00;0.00
2020-05-29;10:46:45;-127.00;-127.00;0.00;0.00;0.00;0.00;0.00
2020-05-29;10:47:46;-127.00;-127.00;0.00;0.00;0.00;0.00;0.00
2020-05-29;10:48:46;-127.00;-127.00;0.00;0.00;0.00;0.00;0.00
2020-05-29;10:49:47;-127.00;-127.00;0.00;0.00;0.00;0.00;0.00
2020-05-29;10:50:47;-127.00;-127.00;0.00;0.00;0.00;0.00;0.00
2020-05-29;10:51:48;-127.00;-127.00;0.00;0.00;0.00;0.00;0.00
2020-05-29;10:52:48;-127.00;-127.00;0.00;0.00;0.00;0.00;0.00
2020-05-29;10:53:49;-127.00;-127.00;0.00;0.00;0.00;0.00;0.00
2020-05-29;10:54:49;-127.00;-127.00;0.00;0.00;0.00;0.00;0.00
2020-05-29;10:55:49;-127.00;-127.00;0.00;0.00;0.00;0.00;0.00
2020-05-29;10:56:50;-127.00;-127.00;0.00;0.00;0.00;0.00;0.00
2020-05-29;10:57:50;-127.00;-127.00;0.00;0.00;0.00;0.00;0.00
2020-05-29;10:58:51;-127.00;-127.00;0.00;0.00;0.00;0.00;0.00
2020-05-29;10:59:51;-127.00;-127.00;0.00;0.00;0.00;0.00;0.00
2020-05-29;11:00:52;-127.00;-127.00;0.00;0.00;0.00;0.00;0.00
2020-05-29;11:01:52;-127.00;-127.00;0.00;0.00;0.00;0.00;0.00
2020-05-29;11:02:53;-127.00;-127.00;0.00;0.00;0.00;0.00;0.00
2020-05-29;11:03:53;-127.00;-127.00;0.00;0.00;0.00;0.00;0.00
2020-05-29;11:04:54;-127.00;-127.00;0.00;0.00;0.00;0.00;0.00
2020-05-29;11:05:54;-127.00;-127.00;0.00;0.00;0.00;0.00;0.00
2020-05-29;11:06:55;-127.00;-127.00;0.00;0.00;0.00;0.00;0.00
2020-05-29;11:07:55;-127.00;-127.00;0.00;0.00;0.00;0.00;0.00
2020-05-29;11:08:55;-127.00;-127.00;0.00;0.00;0.00;0.00;0.00
2020-05-29;11:09:56;-127.00;-127.00;0.00;0.00;0.00;0.00;0.00
2020-05-29;11:10:56;-127.00;-127.00;0.00;0.00;0.00;0.00;0.00
2020-05-29;11:11:57;-127.00;-127.00;0.00;0.00;0.00;0.00;0.00
2020-05-29;11:12:57;-127.00;-127.00;0.00;0.00;0.00;0.00;0.00
2020-05-29;11:13:58;-127.00;-127.00;0.00;0.00;0.00;0.00;0.00
2020-05-29;11:14:58;-127.00;-127.00;0.00;0.00;0.00;0.00;0.00
2020-05-29;11:15:59;-127.00;-127.00;0.00;0.00;0.00;0.00;0.00
2020-05-29;11:16:59;-127.00;-127.00;0.00;0.00;0.00;0.00;0.00
2020-05-29;11:18:00;-127.00;-127.00;0.00;0.00;0.00;0.00;0.00
2020-05-29;11:19:00;-127.00;-127.00;0.00;0.00;0.00;0.00;0.00
2020-05-29;11:20:00;-127.00;-127.00;0.00;0.00;0.00;0.00;0.00
2020-05-29;11:21:01;-127.00;-127.00;0.00;0.00;0.00;0.00;0.00
2020-05-29;11:22:01;-127.00;-127.00;0.00;0.00;0.00;0.00;0.00
2020-05-29;11:23:02;-127.00;-127.00;0.00;0.00;0.00;0.00;0.00
2020-05-29;11:24:02;-127.00;-127.00;0.00;0.00;0.00;0.00;0.00
2020-05-29;11:25:03;-127.00;-127.00;0.00;0.00;0.00;0.00;0.00
2020-05-29;11:26:03;-127.00;-127.00;0.00;0.00;0.00;0.00;0.00
2020-05-29;11:27:04;-127.00;-127.00;0.00;0.00;0.00;0.00;0.00
2020-05-29;11:28:04;-127.00;-127.00;0.00;0.00;0.00;0.00;0.00
2020-05-29;11:29:05;-127.00;-127.00;0.00;0.00;0.00;0.00;0.00
2020-05-29;11:30:05;-127.00;-127.00;0.00;0.00;0.00;0.00;0.00
2020-05-29;11:31:06;-127.00;-127.00;0.00;0.00;0.00;0.00;0.00
2020-05-29;11:32:06;-127.00;-127.00;0.00;0.00;0.00;0.00;0.00
2020-05-29;11:33:06;-127.00;-127.00;0.00;0.00;0.00;0.00;0.00
2020-05-29;11:34:07;-127.00;-127.00;0.00;0.00;0.00;0.00;0.00
2020-05-29;11:35:07;-127.00;-127.00;0.00;0.00;0.00;0.00;0.00
2020-05-29;11:36:08;-127.00;-127.00;0.00;0.00;0.00;0.00;0.00
2020-05-29;11:37:08;-127.00;-127.00;0.00;0.00;0.00;0.00;0.00
2020-05-29;11:38:09;-127.00;-127.00;0.00;0.00;0.00;0.00;0.00
2020-05-29;11:39:09;-127.00;-127.00;0.00;0.00;0.00;0.00;0.00
2020-05-29;11:40:10;-127.00;-127.00;0.00;0.00;0.00;0.00;0.00
2020-05-29;11:41:10;-127.00;-127.00;0.00;0.00;0.00;0.00;0.00
2020-05-29;11:42:11;-127.00;-127.00;0.00;0.00;0.00;0.00;0.00
2020-05-29;11:43:11;-127.00;-127.00;0.00;0.00;0.00;0.00;0.00
2020-05-29;11:44:12;-127.00;-127.00;0.00;0.00;0.00;0.00;0.00
2020-05-29;11:45:12;-127.00;-127.00;0.00;0.00;0.00;0.00;0.00
2020-05-29;11:46:12;-127.00;-127.00;0.00;0.00;0.00;0.00;0.00
2020-05-29;11:47:13;-127.00;-127.00;0.00;0.00;0.00;0.00;0.00
2020-05-29;11:48:13;-127.00;-127.00;0.00;0.00;0.00;0.00;0.00
2020-05-29;11:49:14;-127.00;-127.00;0.00;0.00;0.00;0.00;0.00
2020-05-29;11:50:14;-127.00;-127.00;0.00;0.00;0.00;0.00;0.00
2020-05-29;11:51:15;-127.00;-127.00;0.00;0.00;0.00;0.00;0.00
2020-05-29;11:52:15;-127.00;-127.00;0.00;0.00;0.00;0.00;0.00
2020-05-29;11:53:16;-127.00;-127.00;0.00;0.00;0.00;0.00;0.00
2020-05-29;11:54:16;-127.00;-127.00;0.00;0.00;0.00;0.00;0.00
2020-05-29;11:55:17;-127.00;-127.00;0.00;0.00;0.00;0.00;0.00
2020-05-29;11:56:17;-127.00;-127.00;0.00;0.00;0.00;0.00;0.00
2020-05-29;11:57:17;-127.00;-127.00;0.00;0.00;0.00;0.00;0.00
2020-05-29;11:58:18;-127.00;-127.00;0.00;0.00;0.00;0.00;0.00
2020-05-29;11:59:18;-127.00;-127.00;0.00;0.00;0.00;0.00;0.00
2020-05-29;12:00:19;-127.00;-127.00;0.00;0.00;0.00;0.00;0.00
2020-05-29;12:01:19;-127.00;-127.00;0.00;0.00;0.00;0.00;0.00
2020-05-29;12:02:20;-127.00;-127.00;0.00;0.00;0.00;0.00;0.00
2020-05-29;12:03:20;-127.00;-127.00;0.00;0.00;0.00;0.00;0.00
2020-05-29;12:04:21;-127.00;-127.00;0.00;0.00;0.00;0.00;0.00
2020-05-29;12:05:21;-127.00;-127.00;0.00;0.00;0.00;0.00;0.00
2020-05-29;12:06:22;-127.00;-127.00;0.00;0.00;0.00;0.00;0.00
2020-05-29;12:07:22;-127.00;-127.00;0.00;0.00;0.00;0.00;0.00
2020-05-29;12:08:23;-127.00;-127.00;0.00;0.00;0.00;0.00;0.00
2020-05-29;12:09:23;-127.00;-127.00;0.00;0.00;0.00;0.00;0.00
2020-05-29;12:10:23;-127.00;-127.00;0.00;0.00;0.00;0.00;0.00
2020-05-29;12:11:24;-127.00;-127.00;0.00;0.00;0.00;0.00;0.00
2020-05-29;12:12:24;-127.00;-127.00;0.00;0.00;0.00;0.00;0.00
2020-05-29;12:13:25;-127.00;-127.00;0.00;0.00;0.00;0.00;0.00
2020-05-29;12:14:25;-127.00;-127.00;0.00;0.00;0.00;0.00;0.00
2020-05-29;12:15:26;-127.00;-127.00;0.00;0.00;0.00;0.00;0.00
2020-05-29;12:16:26;-127.00;-127.00;0.00;0.00;0.00;0.00;0.00
2020-05-29;12:17:27;-127.00;-127.00;0.00;0.00;0.00;0.00;0.00
2020-05-29;12:18:27;-127.00;-127.00;0.00;0.00;0.00;0.00;0.00
2020-05-29;12:19:28;-127.00;-127.00;0.00;0.00;0.00;0.00;0.00
2020-05-29;12:20:28;-127.00;-127.00;0.00;0.00;0.00;0.00;0.00
2020-05-29;12:21:28;-127.00;-127.00;0.00;0.00;0.00;0.00;0.00
2020-05-29;12:22:29;-127.00;-127.00;0.00;0.00;0.00;0.00;0.00
2020-05-29;12:23:29;-127.00;-127.00;0.00;0.00;0.00;0.00;0.00
2020-05-29;12:24:30;-127.00;-127.00;0.00;0.00;0.00;0.00;0.00
2020-05-29;12:25:30;-127.00;-127.00;0.00;0.00;0.00;0.00;0.00
2020-05-29;12:26:31;-127.00;-127.00;0.00;0.00;0.00;0.00;0.00
2020-05-29;12:27:31;-127.00;-127.00;0.00;0.00;0.00;0.00;0.00
2020-05-29;12:28:32;-127.00;-127.00;0.00;0.00;0.00;0.00;0.00
2020-05-29;12:29:32;-127.00;-127.00;0.00;0.00;0.00;0.00;0.00
2020-05-29;12:30:33;-127.00;-127.00;0.00;0.00;0.00;0.00;0.00
2020-05-29;12:31:33;-127.00;-127.00;0.00;0.00;0.00;0.00;0.00
2020-05-29;12:32:34;-127.00;-127.00;0.00;0.00;0.00;0.00;0.00
2020-05-29;12:33:34;-127.00;-127.00;0.00;0.00;0.00;0.00;0.00
2020-05-29;12:34:34;-127.00;-127.00;0.00;0.00;0.00;0.00;0.00
2020-05-29;12:35:35;-127.00;-127.00;0.00;0.00;0.00;0.00;0.00
2020-05-29;12:36:35;-127.00;-127.00;0.00;0.00;0.00;0.00;0.00
2020-05-29;12:37:36;-127.00;-127.00;0.00;0.00;0.00;0.00;0.00
2020-05-29;12:38:36;-127.00;-127.00;0.00;0.00;0.00;0.00;0.00
2020-05-29;12:39:37;-127.00;-127.00;0.00;0.00;0.00;0.00;0.00
2020-05-29;12:40:37;-127.00;-127.00;0.00;0.00;0.00;0.00;0.00
2020-05-29;12:41:38;-127.00;-127.00;0.00;0.00;0.00;0.00;0.00
2020-05-29;12:42:38;-127.00;-127.00;0.00;0.00;0.00;0.00;0.00
2020-05-29;12:43:39;-127.00;-127.00;0.00;0.00;0.00;0.00;0.00
2020-05-29;12:44:39;-127.00;-127.00;0.00;0.00;0.00;0.00;0.00
2020-05-29;12:45:39;-127.00;-127.00;0.00;0.00;0.00;0.00;0.00
2020-05-29;12:46:40;-127.00;-127.00;0.00;0.00;0.00;0.00;0.00
2020-05-29;12:47:40;-127.00;-127.00;0.00;0.00;0.00;0.00;0.00
2020-05-29;12:48:41;-127.00;-127.00;0.00;0.00;0.00;0.00;0.00
2020-05-29;12:49:41;-127.00;-127.00;0.00;0.00;0.00;0.00;0.00
2020-05-29;12:50:42;-127.00;-127.00;0.00;0.00;0.00;0.00;0.00
2020-05-29;12:51:42;-127.00;-127.00;0.00;0.00;0.00;0.00;0.00
2020-05-29;12:52:43;-127.00;-127.00;0.00;0.00;0.00;0.00;0.00
2020-05-29;12:53:43;-127.00;-127.00;0.00;0.00;0.00;0.00;0.00
2020-05-29;12:54:44;-127.00;-127.00;0.00;0.00;0.00;0.00;0.00
2020-05-29;12:55:44;-127.00;-127.00;0.00;0.00;0.00;0.00;0.00
2020-05-29;12:56:45;-127.00;-127.00;0.00;0.00;0.00;0.00;0.00
2020-05-29;12:57:45;-127.00;-127.00;0.00;0.00;0.00;0.00;0.00
2020-05-29;12:58:45;-127.00;-127.00;0.00;0.00;0.00;0.00;0.00
2020-05-29;12:59:46;-127.00;-127.00;0.00;0.00;0.00;0.00;0.00
2020-05-29;13:00:46;-127.00;-127.00;0.00;0.00;0.00;0.00;0.00
2020-05-29;13:01:47;-127.00;-127.00;0.00;0.00;0.00;0.00;0.00
2020-05-29;13:02:47;-127.00;-127.00;0.00;0.00;0.00;0.00;0.00
2020-05-29;13:03:48;-127.00;-127.00;0.00;0.00;0.00;0.00;0.00
2020-05-29;13:04:48;-127.00;-127.00;0.00;0.00;0.00;0.00;0.00
2020-05-29;13:05:49;-127.00;-127.00;0.00;0.00;0.00;0.00;0.00
2020-05-29;13:06:49;-127.00;-127.00;0.00;0.00;0.00;0.00;0.00
2020-05-29;13:07:50;-127.00;-127.00;0.00;0.00;0.00;0.00;0.00
2020-05-29;13:08:50;-127.00;-127.00;0.00;0.00;0.00;0.00;0.00
2020-05-29;13:09:51;-127.00;-127.00;0.00;0.00;0.00;0.00;0.00
2020-05-29;13:10:51;-127.00;-127.00;0.00;0.00;0.00;0.00;0.00
2020-05-29;13:11:51;-127.00;-127.00;0.00;0.00;0.00;0.00;0.00
2020-05-29;13:12:52;-127.00;-127.00;0.00;0.00;0.00;0.00;0.00
2020-05-29;13:13:52;-127.00;-127.00;0.00;0.00;0.00;0.00;0.00
2020-05-29;13:14:53;-127.00;-127.00;0.00;0.00;0.00;0.00;0.00
2020-05-29;13:15:53;-127.00;-127.00;0.00;0.00;0.00;0.00;0.00
2020-05-29;13:16:54;-127.00;-127.00;0.00;0.00;0.00;0.00;0.00
2020-05-29;13:17:54;-127.00;-127.00;0.00;0.00;0.00;0.00;0.00
2020-05-29;13:18:55;-127.00;-127.00;0.00;0.00;0.00;0.00;0.00
2020-05-29;13:19:55;-127.00;-127.00;0.00;0.00;0.00;0.00;0.00
2020-05-29;13:20:56;-127.00;-127.00;0.00;0.00;0.00;0.00;0.00
2020-05-29;13:21:56;-127.00;-127.00;0.00;0.00;0.00;0.00;0.00
2020-05-29;13:22:56;-127.00;-127.00;0.00;0.00;0.00;0.00;0.00
2020-05-29;13:23:57;-127.00;-127.00;0.00;0.00;0.00;0.00;0.00
2020-05-29;13:24:57;-127.00;-127.00;0.00;0.00;0.00;0.00;0.00
2020-05-29;13:25:58;-127.00;-127.00;0.00;0.00;0.00;0.00;0.00
2020-05-29;13:26:58;-127.00;-127.00;0.00;0.00;0.00;0.00;0.00
2020-05-29;13:27:59;-127.00;-127.00;0.00;0.00;0.00;0.00;0.00
2020-05-29;13:28:59;-127.00;-127.00;0.00;0.00;0.00;0.00;0.00
2020-05-29;13:30:00;-127.00;-127.00;0.00;0.00;0.00;0.00;0.00
2020-05-29;13:31:00;-127.00;-127.00;0.00;0.00;0.00;0.00;0.00
2020-05-29;13:32:01;-127.00;-127.00;0.00;0.00;0.00;0.00;0.00
2020-05-29;13:33:01;-127.00;-127.00;0.00;0.00;0.00;0.00;0.00
2020-05-29;13:34:02;-127.00;-127.00;0.00;0.00;0.00;0.00;0.00
2020-05-29;13:35:02;-127.00;-127.00;0.00;0.00;0.00;0.00;0.00
2020-05-29;13:36:02;-127.00;-127.00;0.00;0.00;0.00;0.00;0.00
2020-05-29;13:37:03;-127.00;-127.00;0.00;0.00;0.00;0.00;0.00
2020-05-29;13:38:03;-127.00;-127.00;0.00;0.00;0.00;0.00;0.00
2020-05-29;13:39:04;-127.00;-127.00;0.00;0.00;0.00;0.00;0.00
2020-05-29;13:40:04;-127.00;-127.00;0.00;0.00;0.00;0.00;0.00
2020-05-29;13:41:05;-127.00;-127.00;0.00;0.00;0.00;0.00;0.00
2020-05-29;13:42:05;-127.00;-127.00;0.00;0.00;0.00;0.00;0.00
2020-05-29;13:43:06;-127.00;-127.00;0.00;0.00;0.00;0.00;0.00
2020-05-29;13:44:06;-127.00;-127.00;0.00;0.00;0.00;0.00;0.00
2020-05-29;13:45:07;-127.00;-127.00;0.00;0.00;0.00;0.00;0.00
2020-05-29;13:46:07;-127.00;-127.00;0.00;0.00;0.00;0.00;0.00
2020-05-29;13:47:07;-127.00;-127.00;0.00;0.00;0.00;0.00;0.00
2020-05-29;13:48:08;-127.00;-127.00;0.00;0.00;0.00;0.00;0.00
2020-05-29;13:49:08;-127.00;-127.00;0.00;0.00;0.00;0.00;0.00
2020-05-29;13:50:09;-127.00;-127.00;0.00;0.00;0.00;0.00;0.00
2020-05-29;13:51:09;-127.00;-127.00;0.00;0.00;0.00;0.00;0.00
2020-05-29;13:52:10;-127.00;-127.00;0.00;0.00;0.00;0.00;0.00
2020-05-29;13:53:10;-127.00;-127.00;0.00;0.00;0.00;0.00;0.00
2020-05-29;13:54:11;-127.00;-127.00;0.00;0.00;0.00;0.00;0.00
2020-05-29;13:55:11;-127.00;-127.00;0.00;0.00;0.00;0.00;0.00
2020-05-29;13:56:12;-127.00;-127.00;0.00;0.00;0.00;0.00;0.00
2020-05-29;13:57:12;-127.00;-127.00;0.00;0.00;0.00;0.00;0.00
2020-05-29;13:58:13;-127.00;-127.00;0.00;0.00;0.00;0.00;0.00
2020-05-29;13:59:13;-127.00;-127.00;0.00;0.00;0.00;0.00;0.00
2020-05-29;14:00:13;-127.00;-127.00;0.00;0.00;0.00;0.00;0.00
2020-05-29;14:01:14;-127.00;-127.00;0.00;0.00;0.00;0.00;0.00
2020-05-29;14:02:14;-127.00;-127.00;0.00;0.00;0.00;0.00;0.00
2020-05-29;14:03:15;-127.00;-127.00;0.00;0.00;0.00;0.00;0.00
2020-05-29;14:04:15;-127.00;-127.00;0.00;0.00;0.00;0.00;0.00
2020-05-29;14:05:16;-127.00;-127.00;0.00;0.00;0.00;0.00;0.00
2020-05-29;14:06:16;-127.00;-127.00;0.00;0.00;0.00;0.00;0.00
2020-05-29;14:07:17;-127.00;-127.00;0.00;0.00;0.00;0.00;0.00
2020-05-29;14:08:17;-127.00;-127.00;0.00;0.00;0.00;0.00;0.00
2020-05-29;14:09:18;-127.00;-127.00;0.00;0.00;0.00;0.00;0.00
2020-05-29;14:10:18;-127.00;-127.00;0.00;0.00;0.00;0.00;0.00
2020-05-29;14:11:19;-127.00;-127.00;0.00;0.00;0.00;0.00;0.00
2020-05-29;14:12:19;-127.00;-127.00;0.00;0.00;0.00;0.00;0.00
2020-05-29;14:13:19;-127.00;-127.00;0.00;0.00;0.00;0.00;0.00
2020-05-29;14:14:20;-127.00;-127.00;0.00;0.00;0.00;0.00;0.00
2020-05-29;14:15:20;-127.00;-127.00;0.00;0.00;0.00;0.00;0.00
2020-05-29;14:16:21;-127.00;-127.00;0.00;0.00;0.00;0.00;0.00
2020-05-29;14:17:21;-127.00;-127.00;0.00;0.00;0.00;0.00;0.00
2020-05-29;14:18:22;-127.00;-127.00;0.00;0.00;0.00;0.00;0.00
2020-05-29;14:19:22;-127.00;-127.00;0.00;0.00;0.00;0.00;0.00
2020-05-29;14:20:23;-127.00;-127.00;0.00;0.00;0.00;0.00;0.00
2020-05-29;14:21:23;-127.00;-127.00;0.00;0.00;0.00;0.00;0.00
2020-05-29;14:22:24;-127.00;-127.00;0.00;0.00;0.00;0.00;0.00
2020-05-29;14:23:24;-127.00;-127.00;0.00;0.00;0.00;0.00;0.00
2020-05-29;14:24:24;-127.00;-127.00;0.00;0.00;0.00;0.00;0.00
2020-05-29;14:25:25;-127.00;-127.00;0.00;0.00;0.00;0.00;0.00
2020-05-29;14:26:25;-127.00;-127.00;0.00;0.00;0.00;0.00;0.00
2020-05-29;14:27:26;-127.00;-127.00;0.00;0.00;0.00;0.00;0.00
2020-05-29;14:28:26;-127.00;-127.00;0.00;0.00;0.00;0.00;0.00
2020-05-29;14:29:27;-127.00;-127.00;0.00;0.00;0.00;0.00;0.00
2020-05-29;14:30:27;-127.00;-127.00;0.00;0.00;0.00;0.00;0.00
2020-05-29;14:31:28;-127.00;-127.00;0.00;0.00;0.00;0.00;0.00
2020-05-29;14:32:28;-127.00;-127.00;0.00;0.00;0.00;0.00;0.00
2020-05-29;14:33:29;-127.00;-127.00;0.00;0.00;0.00;0.00;0.00
2020-05-29;14:34:29;-127.00;-127.00;0.00;0.00;0.00;0.00;0.00
2020-05-29;14:35:30;-127.00;-127.00;0.00;0.00;0.00;0.00;0.00
2020-05-29;14:36:30;-127.00;-127.00;0.00;0.00;0.00;0.00;0.00
2020-05-29;14:37:30;-127.00;-127.00;0.00;0.00;0.00;0.00;0.00
2020-05-29;14:38:31;-127.00;-127.00;0.00;0.00;0.00;0.00;0.00
2020-05-29;14:39:31;-127.00;-127.00;0.00;0.00;0.00;0.00;0.00
2020-05-29;14:40:32;-127.00;-127.00;0.00;0.00;0.00;0.00;0.00
2020-05-29;14:41:32;-127.00;-127.00;0.00;0.00;0.00;0.00;0.00
2020-05-29;14:42:33;-127.00;-127.00;0.00;0.00;0.00;0.00;0.00
2020-05-29;14:43:33;-127.00;-127.00;0.00;0.00;0.00;0.00;0.00
2020-05-29;14:44:34;-127.00;-127.00;0.00;0.00;0.00;0.00;0.00
2020-05-29;14:45:34;-127.00;-127.00;0.00;0.00;0.00;0.00;0.00
2020-05-29;14:46:35;-127.00;-127.00;0.00;0.00;0.00;0.00;0.00
2020-05-29;14:47:35;-127.00;-127.00;0.00;0.00;0.00;0.00;0.00
2020-05-29;14:48:35;-127.00;-127.00;0.00;0.00;0.00;0.00;0.00
2020-05-29;14:49:36;-127.00;-127.00;0.00;0.00;0.00;0.00;0.00
2020-05-29;14:50:36;-127.00;-127.00;0.00;0.00;0.00;0.00;0.00
2020-05-29;14:51:37;-127.00;-127.00;0.00;0.00;0.00;0.00;0.00
2020-05-29;14:52:37;-127.00;-127.00;0.00;0.00;0.00;0.00;0.00
2020-05-29;14:53:38;-127.00;-127.00;0.00;0.00;0.00;0.00;0.00
2020-05-29;14:54:38;-127.00;-127.00;0.00;0.00;0.00;0.00;0.00
2020-05-29;14:55:39;-127.00;-127.00;0.00;0.00;0.00;0.00;0.00
2020-05-29;14:56:39;-127.00;-127.00;0.00;0.00;0.00;0.00;0.00
2020-05-29;14:57:40;-127.00;-127.00;0.00;0.00;0.00;0.00;0.00
2020-05-29;14:58:40;-127.00;-127.00;0.00;0.00;0.00;0.00;0.00
2020-05-29;14:59:41;-127.00;-127.00;0.00;0.00;0.00;0.00;0.00
2020-05-29;15:00:41;-127.00;-127.00;0.00;0.00;0.00;0.00;0.00
2020-05-29;15:01:41;-127.00;-127.00;0.00;0.00;0.00;0.00;0.00
2020-05-29;15:02:42;-127.00;-127.00;0.00;0.00;0.00;0.00;0.00
2020-05-29;15:03:42;-127.00;-127.00;0.00;0.00;0.00;0.00;0.00
2020-05-29;15:04:43;-127.00;-127.00;0.00;0.00;0.00;0.00;0.00
2020-05-29;15:05:43;-127.00;-127.00;0.00;0.00;0.00;0.00;0.00
2020-05-29;15:06:44;-127.00;-127.00;0.00;0.00;0.00;0.00;0.00
2020-05-29;15:07:44;-127.00;-127.00;0.00;0.00;0.00;0.00;0.00
2020-05-29;15:08:45;-127.00;-127.00;0.00;0.00;0.00;0.00;0.00
2020-05-29;15:09:45;-127.00;-127.00;0.00;0.00;0.00;0.00;0.00
2020-05-29;15:10:46;-127.00;-127.00;0.00;0.00;0.00;0.00;0.00
2020-05-29;15:11:46;-127.00;-127.00;0.00;0.00;0.00;0.00;0.00
2020-05-29;15:12:47;-127.00;-127.00;0.00;0.00;0.00;0.00;0.00
2020-05-29;15:13:47;-127.00;-127.00;0.00;0.00;0.00;0.00;0.00
2020-05-29;15:14:47;-127.00;-127.00;0.00;0.00;0.00;0.00;0.00
2020-05-29;15:15:48;-127.00;-127.00;0.00;0.00;0.00;0.00;0.00
2020-05-29;15:16:48;-127.00;-127.00;0.00;0.00;0.00;0.00;0.00
2020-05-29;15:17:49;-127.00;-127.00;0.00;0.00;0.00;0.00;0.00
2020-05-29;15:18:49;-127.00;-127.00;0.00;0.00;0.00;0.00;0.00
2020-05-29;15:19:50;-127.00;-127.00;0.00;0.00;0.00;0.00;0.00
2020-05-29;15:20:50;-127.00;-127.00;0.00;0.00;0.00;0.00;0.00
2020-05-29;15:21:51;-127.00;-127.00;0.00;0.00;0.00;0.00;0.00
2020-05-29;15:22:51;-127.00;-127.00;0.00;0.00;0.00;0.00;0.00
2020-05-29;15:23:52;-127.00;-127.00;0.00;0.00;0.00;0.00;0.00
2020-05-29;15:24:52;-127.00;-127.00;0.00;0.00;0.00;0.00;0.00
2020-05-29;15:25:52;-127.00;-127.00;0.00;0.00;0.00;0.00;0.00
2020-05-29;15:26:53;-127.00;-127.00;0.00;0.00;0.00;0.00;0.00
2020-05-29;15:27:53;-127.00;-127.00;0.00;0.00;0.00;0.00;0.00
2020-05-29;15:28:54;-127.00;-127.00;0.00;0.00;0.00;0.00;0.00
2020-05-29;15:29:54;-127.00;-127.00;0.00;0.00;0.00;0.00;0.00
2020-05-29;15:30:55;-127.00;-127.00;0.00;0.00;0.00;0.00;0.00
2020-05-29;15:31:55;-127.00;-127.00;0.00;0.00;0.00;0.00;0.00
2020-05-29;15:32:56;-127.00;-127.00;0.00;0.00;0.00;0.00;0.00
2020-05-29;15:33:56;-127.00;-127.00;0.00;0.00;0.00;0.00;0.00
2020-05-29;15:34:57;-127.00;-127.00;0.00;0.00;0.00;0.00;0.00
2020-05-29;15:35:57;-127.00;-127.00;0.00;0.00;0.00;0.00;0.00
2020-05-29;15:36:58;-127.00;-127.00;0.00;0.00;0.00;0.00;0.00
2020-05-29;15:37:58;-127.00;-127.00;0.00;0.00;0.00;0.00;0.00
2020-05-29;15:38:58;-127.00;-127.00;0.00;0.00;0.00;0.00;0.00
2020-05-29;15:39:59;-127.00;-127.00;0.00;0.00;0.00;0.00;0.00
2020-05-29;15:40:59;-127.00;-127.00;0.00;0.00;0.00;0.00;0.00
2020-05-29;15:42:00;-127.00;-127.00;0.00;0.00;0.00;0.00;0.00
2020-05-29;15:43:00;-127.00;-127.00;0.00;0.00;0.00;0.00;0.00
2020-05-29;15:44:01;-127.00;-127.00;0.00;0.00;0.00;0.00;0.00
2020-05-29;15:45:01;-127.00;-127.00;0.00;0.00;0.00;0.00;0.00
2020-05-29;15:46:02;-127.00;-127.00;0.00;0.00;0.00;0.00;0.00
2020-05-29;15:47:02;-127.00;-127.00;0.00;0.00;0.00;0.00;0.00
2020-05-29;15:48:03;-127.00;-127.00;0.00;0.00;0.00;0.00;0.00
2020-05-29;15:49:03;-127.00;-127.00;0.00;0.00;0.00;0.00;0.00
2020-05-29;15:50:04;-127.00;-127.00;0.00;0.00;0.00;0.00;0.00
2020-05-29;15:51:04;-127.00;-127.00;0.00;0.00;0.00;0.00;0.00
2020-05-29;15:52:04;-127.00;-127.00;0.00;0.00;0.00;0.00;0.00
2020-05-29;15:53:05;-127.00;-127.00;0.00;0.00;0.00;0.00;0.00
2020-05-29;15:54:05;-127.00;-127.00;0.00;0.00;0.00;0.00;0.00
2020-05-29;15:55:06;-127.00;-127.00;0.00;0.00;0.00;0.00;0.00
2020-05-29;15:56:06;-127.00;-127.00;0.00;0.00;0.00;0.00;0.00
2020-05-29;15:57:07;-127.00;-127.00;0.00;0.00;0.00;0.00;0.00
2020-05-29;15:58:07;-127.00;-127.00;0.00;0.00;0.00;0.00;0.00
2020-05-29;15:59:08;-127.00;-127.00;0.00;0.00;0.00;0.00;0.00
2020-05-29;16:00:08;-127.00;-127.00;0.00;0.00;0.00;0.00;0.00
2020-05-29;16:01:09;-127.00;-127.00;0.00;0.00;0.00;0.00;0.00
2020-05-29;16:02:09;-127.00;-127.00;0.00;0.00;0.00;0.00;0.00
2020-05-29;16:03:09;-127.00;-127.00;0.00;0.00;0.00;0.00;0.00
2020-05-29;16:04:10;-127.00;-127.00;0.00;0.00;0.00;0.00;0.00
2020-05-29;16:05:10;-127.00;-127.00;0.00;0.00;0.00;0.00;0.00
2020-05-29;16:06:11;-127.00;-127.00;0.00;0.00;0.00;0.00;0.00
2020-05-29;16:07:11;-127.00;-127.00;0.00;0.00;0.00;0.00;0.00
2020-05-29;16:08:12;-127.00;-127.00;0.00;0.00;0.00;0.00;0.00
2020-05-29;16:09:12;-127.00;-127.00;0.00;0.00;0.00;0.00;0.00
2020-05-29;16:10:13;-127.00;-127.00;0.00;0.00;0.00;0.00;0.00
2020-05-29;16:11:13;-127.00;-127.00;0.00;0.00;0.00;0.00;0.00
2020-05-29;16:12:14;-127.00;-127.00;0.00;0.00;0.00;0.00;0.00
2020-05-29;16:13:14;-127.00;-127.00;0.00;0.00;0.00;0.00;0.00
2020-05-29;16:14:15;-127.00;-127.00;0.00;0.00;0.00;0.00;0.00
2020-05-29;16:15:15;-127.00;-127.00;0.00;0.00;0.00;0.00;0.00
2020-05-29;16:16:15;-127.00;-127.00;0.00;0.00;0.00;0.00;0.00
2020-05-29;16:17:16;-127.00;-127.00;0.00;0.00;0.00;0.00;0.00
2020-05-29;16:18:16;-127.00;-127.00;0.00;0.00;0.00;0.00;0.00
2020-05-29;16:19:17;-127.00;-127.00;0.00;0.00;0.00;0.00;0.00
2020-05-29;16:20:17;-127.00;-127.00;0.00;0.00;0.00;0.00;0.00
2020-05-29;16:21:18;-127.00;-127.00;0.00;0.00;0.00;0.00;0.00
2020-05-29;16:22:18;-127.00;-127.00;0.00;0.00;0.00;0.00;0.00
2020-05-29;16:23:19;-127.00;-127.00;0.00;0.00;0.00;0.00;0.00
2020-05-29;16:24:19;-127.00;-127.00;0.00;0.00;0.00;0.00;0.00
2020-05-29;16:25:20;-127.00;-127.00;0.00;0.00;0.00;0.00;0.00
2020-05-29;16:26:20;-127.00;-127.00;0.00;0.00;0.00;0.00;0.00
2020-05-29;16:27:20;-127.00;-127.00;0.00;0.00;0.00;0.00;0.00
2020-05-29;16:28:21;-127.00;-127.00;0.00;0.00;0.00;0.00;0.00
2020-05-29;16:29:21;-127.00;-127.00;0.00;0.00;0.00;0.00;0.00
2020-05-29;16:30:22;-127.00;-127.00;0.00;0.00;0.00;0.00;0.00
2020-05-29;16:31:22;-127.00;-127.00;0.00;0.00;0.00;0.00;0.00
2020-05-29;16:32:23;-127.00;-127.00;0.00;0.00;0.00;0.00;0.00
2020-05-29;16:33:23;-127.00;-127.00;0.00;0.00;0.00;0.00;0.00
2020-05-29;16:34:24;-127.00;-127.00;0.00;0.00;0.00;0.00;0.00
2020-05-29;16:35:24;-127.00;-127.00;0.00;0.00;0.00;0.00;0.00
2020-05-29;16:36:25;-127.00;-127.00;0.00;0.00;0.00;0.00;0.00
2020-05-29;16:37:25;-127.00;-127.00;0.00;0.00;0.00;0.00;0.00
2020-05-29;16:38:26;-127.00;-127.00;0.00;0.00;0.00;0.00;0.00
2020-05-29;16:39:26;-127.00;-127.00;0.00;0.00;0.00;0.00;0.00
2020-05-29;16:40:26;-127.00;-127.00;0.00;0.00;0.00;0.00;0.00
2020-05-29;16:41:27;-127.00;-127.00;0.00;0.00;0.00;0.00;0.00
2020-05-29;16:42:27;-127.00;-127.00;0.00;0.00;0.00;0.00;0.00
2020-05-29;16:43:28;-127.00;-127.00;0.00;0.00;0.00;0.00;0.00
2020-05-29;16:44:28;-127.00;-127.00;0.00;0.00;0.00;0.00;0.00
2020-05-29;16:45:29;-127.00;-127.00;0.00;0.00;0.00;0.00;0.00
2020-05-29;16:46:29;-127.00;-127.00;0.00;0.00;0.00;0.00;0.00
2020-05-29;16:47:30;-127.00;-127.00;0.00;0.00;0.00;0.00;0.00
2020-05-29;16:48:30;-127.00;-127.00;0.00;0.00;0.00;0.00;0.00
2020-05-29;16:49:31;-127.00;-127.00;0.00;0.00;0.00;0.00;0.00
2020-05-29;16:50:31;-127.00;-127.00;0.00;0.00;0.00;0.00;0.00
2020-05-29;16:51:32;-127.00;-127.00;0.00;0.00;0.00;0.00;0.00
2020-05-29;16:52:32;-127.00;-127.00;0.00;0.00;0.00;0.00;0.00
2020-05-29;16:53:32;-127.00;-127.00;0.00;0.00;0.00;0.00;0.00
2020-05-29;16:54:33;-127.00;-127.00;0.00;0.00;0.00;0.00;0.00
2020-05-29;16:55:33;-127.00;-127.00;0.00;0.00;0.00;0.00;0.00
2020-05-29;16:56:34;-127.00;-127.00;0.00;0.00;0.00;0.00;0.00
2020-05-29;16:57:34;-127.00;-127.00;0.00;0.00;0.00;0.00;0.00
2020-05-29;16:58:35;-127.00;-127.00;0.00;0.00;0.00;0.00;0.00
2020-05-29;16:59:35;-127.00;-127.00;0.00;0.00;0.00;0.00;0.00
2020-05-29;17:00:36;-127.00;-127.00;0.00;0.00;0.00;0.00;0.00
2020-05-29;17:01:36;-127.00;-127.00;0.00;0.00;0.00;0.00;0.00
2020-05-29;17:02:37;-127.00;-127.00;0.00;0.00;0.00;0.00;0.00
2020-05-29;17:03:37;-127.00;-127.00;0.00;0.00;0.00;0.00;0.00
2020-05-29;17:04:37;-127.00;-127.00;0.00;0.00;0.00;0.00;0.00
2020-05-29;17:05:38;-127.00;-127.00;0.00;0.00;0.00;0.00;0.00
2020-05-29;17:06:38;-127.00;-127.00;0.00;0.00;0.00;0.00;0.00
2020-05-29;17:07:39;-127.00;-127.00;0.00;0.00;0.00;0.00;0.00
2020-05-29;17:08:39;-127.00;-127.00;0.00;0.00;0.00;0.00;0.00
2020-05-29;17:09:40;-127.00;-127.00;0.00;0.00;0.00;0.00;0.00
2020-05-29;17:10:40;-127.00;-127.00;0.00;0.00;0.00;0.00;0.00
2020-05-29;17:11:41;-127.00;-127.00;0.00;0.00;0.00;0.00;0.00
2020-05-29;17:12:41;-127.00;-127.00;0.00;0.00;0.00;0.00;0.00
2020-05-29;17:13:42;-127.00;-127.00;0.00;0.00;0.00;0.00;0.00
2020-05-29;17:14:42;-127.00;-127.00;0.00;0.00;0.00;0.00;0.00
2020-05-29;17:15:43;-127.00;-127.00;0.00;0.00;0.00;0.00;0.00
2020-05-29;17:16:43;-127.00;-127.00;0.00;0.00;0.00;0.00;0.00
2020-05-29;17:17:43;-127.00;-127.00;0.00;0.00;0.00;0.00;0.00
2020-05-29;17:18:44;-127.00;-127.00;0.00;0.00;0.00;0.00;0.00
2020-05-29;17:19:44;-127.00;-127.00;0.00;0.00;0.00;0.00;0.00
2020-05-29;17:20:45;-127.00;-127.00;0.00;0.00;0.00;0.00;0.00
2020-05-29;17:21:45;-127.00;-127.00;0.00;0.00;0.00;0.00;0.00
2020-05-29;17:22:46;-127.00;-127.00;0.00;0.00;0.00;0.00;0.00
2020-05-29;17:23:46;-127.00;-127.00;0.00;0.00;0.00;0.00;0.00
2020-05-29;17:24:47;-127.00;-127.00;0.00;0.00;0.00;0.00;0.00
2020-05-29;17:25:47;-127.00;-127.00;0.00;0.00;0.00;0.00;0.00
2020-05-29;17:26:48;-127.00;-127.00;0.00;0.00;0.00;0.00;0.00
2020-05-29;17:27:48;-127.00;-127.00;0.00;0.00;0.00;0.00;0.00
2020-05-29;17:28:48;-127.00;-127.00;0.00;0.00;0.00;0.00;0.00
2020-05-29;17:29:49;-127.00;-127.00;0.00;0.00;0.00;0.00;0.00
2020-05-29;17:30:49;-127.00;-127.00;0.00;0.00;0.00;0.00;0.00
2020-05-29;17:31:50;-127.00;-127.00;0.00;0.00;0.00;0.00;0.00
2020-05-29;17:32:50;-127.00;-127.00;0.00;0.00;0.00;0.00;0.00
2020-05-29;17:33:51;-127.00;-127.00;0.00;0.00;0.00;0.00;0.00
2020-05-29;17:34:51;-127.00;-127.00;0.00;0.00;0.00;0.00;0.00
2020-05-29;17:35:52;-127.00;-127.00;0.00;0.00;0.00;0.00;0.00
2020-05-29;17:36:52;-127.00;-127.00;0.00;0.00;0.00;0.00;0.00
2020-05-29;17:37:53;-127.00;-127.00;0.00;0.00;0.00;0.00;0.00
2020-05-29;17:38:53;-127.00;-127.00;0.00;0.00;0.00;0.00;0.00
2020-05-29;17:39:54;-127.00;-127.00;0.00;0.00;0.00;0.00;0.00
2020-05-29;17:40:54;-127.00;-127.00;0.00;0.00;0.00;0.00;0.00
2020-05-29;17:41:54;-127.00;-127.00;0.00;0.00;0.00;0.00;0.00
2020-05-29;17:42:55;-127.00;-127.00;0.00;0.00;0.00;0.00;0.00
2020-05-29;17:43:55;-127.00;-127.00;0.00;0.00;0.00;0.00;0.00
2020-05-29;17:44:56;-127.00;-127.00;0.00;0.00;0.00;0.00;0.00
2020-05-29;17:45:56;-127.00;-127.00;0.00;0.00;0.00;0.00;0.00
2020-05-29;17:46:57;-127.00;-127.00;0.00;0.00;0.00;0.00;0.00
2020-05-29;17:47:57;-127.00;-127.00;0.00;0.00;0.00;0.00;0.00
2020-05-29;17:48:58;-127.00;-127.00;0.00;0.00;0.00;0.00;0.00
2020-05-29;17:49:58;-127.00;-127.00;0.00;0.00;0.00;0.00;0.00
2020-05-29;17:50:59;-127.00;-127.00;0.00;0.00;0.00;0.00;0.00
2020-05-29;17:51:59;-127.00;-127.00;0.00;0.00;0.00;0.00;0.00
2020-05-29;17:52:59;-127.00;-127.00;0.00;0.00;0.00;0.00;0.00
2020-05-29;17:54:00;-127.00;-127.00;0.00;0.00;0.00;0.00;0.00
2020-05-29;17:55:00;-127.00;-127.00;0.00;0.00;0.00;0.00;0.00
2020-05-29;17:56:01;-127.00;-127.00;0.00;0.00;0.00;0.00;0.00
2020-05-29;17:57:01;-127.00;-127.00;0.00;0.00;0.00;0.00;0.00
2020-05-29;17:58:02;-127.00;-127.00;0.00;0.00;0.00;0.00;0.00
2020-05-29;17:59:02;-127.00;-127.00;0.00;0.00;0.00;0.00;0.00
2020-05-29;18:00:03;-127.00;-127.00;0.00;0.00;0.00;0.00;0.00
2020-05-29;18:01:03;-127.00;-127.00;0.00;0.00;0.00;0.00;0.00
2020-05-29;18:02:04;-127.00;-127.00;0.00;0.00;0.00;0.00;0.00
2020-05-29;18:03:04;-127.00;-127.00;0.00;0.00;0.00;0.00;0.00
2020-05-29;18:04:05;-127.00;-127.00;0.00;0.00;0.00;0.00;0.00
2020-05-29;18:05:05;-127.00;-127.00;0.00;0.00;0.00;0.00;0.00
2020-05-29;18:06:05;-127.00;-127.00;0.00;0.00;0.00;0.00;0.00
2020-05-29;18:07:06;-127.00;-127.00;0.00;0.00;0.00;0.00;0.00
2020-05-29;18:08:06;-127.00;-127.00;0.00;0.00;0.00;0.00;0.00
2020-05-29;18:09:07;-127.00;-127.00;0.00;0.00;0.00;0.00;0.00
2020-05-29;18:10:07;-127.00;-127.00;0.00;0.00;0.00;0.00;0.00
2020-05-29;18:11:08;-127.00;-127.00;0.00;0.00;0.00;0.00;0.00
2020-05-29;18:12:08;-127.00;-127.00;0.00;0.00;0.00;0.00;0.00
2020-05-29;18:13:09;-127.00;-127.00;0.00;0.00;0.00;0.00;0.00
2020-05-29;18:14:09;-127.00;-127.00;0.00;0.00;0.00;0.00;0.00
2020-05-29;18:15:10;-127.00;-127.00;0.00;0.00;0.00;0.00;0.00
2020-05-29;18:16:10;-127.00;-127.00;0.00;0.00;0.00;0.00;0.00
2020-05-29;18:17:10;-127.00;-127.00;0.00;0.00;0.00;0.00;0.00
2020-05-29;18:18:11;-127.00;-127.00;0.00;0.00;0.00;0.00;0.00
2020-05-29;18:19:11;-127.00;-127.00;0.00;0.00;0.00;0.00;0.00
2020-05-29;18:20:12;-127.00;-127.00;0.00;0.00;0.00;0.00;0.00
2020-05-29;18:21:12;-127.00;-127.00;0.00;0.00;0.00;0.00;0.00
2020-05-29;18:22:13;-127.00;-127.00;0.00;0.00;0.00;0.00;0.00
2020-05-29;18:23:13;-127.00;-127.00;0.00;0.00;0.00;0.00;0.00
2020-05-29;18:24:14;-127.00;-127.00;0.00;0.00;0.00;0.00;0.00
2020-05-29;18:25:14;-127.00;-127.00;0.00;0.00;0.00;0.00;0.00
2020-05-29;18:26:15;-127.00;-127.00;0.00;0.00;0.00;0.00;0.00
2020-05-29;18:27:15;-127.00;-127.00;0.00;0.00;0.00;0.00;0.00
2020-05-29;18:28:16;-127.00;-127.00;0.00;0.00;0.00;0.00;0.00
2020-05-29;18:29:16;-127.00;-127.00;0.00;0.00;0.00;0.00;0.00
2020-05-29;18:30:16;-127.00;-127.00;0.00;0.00;0.00;0.00;0.00
2020-05-29;18:31:17;-127.00;-127.00;0.00;0.00;0.00;0.00;0.00
2020-05-29;18:32:17;-127.00;-127.00;0.00;0.00;0.00;0.00;0.00
2020-05-29;18:33:18;-127.00;-127.00;0.00;0.00;0.00;0.00;0.00
2020-05-29;18:34:18;-127.00;-127.00;0.00;0.00;0.00;0.00;0.00
2020-05-29;18:35:19;-127.00;-127.00;0.00;0.00;0.00;0.00;0.00
2020-05-29;18:36:19;-127.00;-127.00;0.00;0.00;0.00;0.00;0.00
2020-05-29;18:37:20;-127.00;-127.00;0.00;0.00;0.00;0.00;0.00
2020-05-29;18:38:20;-127.00;-127.00;0.00;0.00;0.00;0.00;0.00
2020-05-29;18:39:21;-127.00;-127.00;0.00;0.00;0.00;0.00;0.00
2020-05-29;18:40:21;-127.00;-127.00;0.00;0.00;0.00;0.00;0.00
2020-05-29;18:41:22;-127.00;-127.00;0.00;0.00;0.00;0.00;0.00
2020-05-29;18:42:22;-127.00;-127.00;0.00;0.00;0.00;0.00;0.00
2020-05-29;18:43:22;-127.00;-127.00;0.00;0.00;0.00;0.00;0.00
2020-05-29;18:44:23;-127.00;-127.00;0.00;0.00;0.00;0.00;0.00
2020-05-29;18:45:23;-127.00;-127.00;0.00;0.00;0.00;0.00;0.00
2020-05-29;18:46:24;-127.00;-127.00;0.00;0.00;0.00;0.00;0.00
2020-05-29;18:47:24;-127.00;-127.00;0.00;0.00;0.00;0.00;0.00
2020-05-29;18:48:25;-127.00;-127.00;0.00;0.00;0.00;0.00;0.00
2020-05-29;18:49:25;-127.00;-127.00;0.00;0.00;0.00;0.00;0.00
2020-05-29;18:50:26;-127.00;-127.00;0.00;0.00;0.00;0.00;0.00
2020-05-29;18:51:26;-127.00;-127.00;0.00;0.00;0.00;0.00;0.00
2020-05-29;18:52:27;-127.00;-127.00;0.00;0.00;0.00;0.00;0.00
2020-05-29;18:53:27;-127.00;-127.00;0.00;0.00;0.00;0.00;0.00
2020-05-29;18:54:27;-127.00;-127.00;0.00;0.00;0.00;0.00;0.00
2020-05-29;18:55:28;-127.00;-127.00;0.00;0.00;0.00;0.00;0.00
2020-05-29;18:56:28;-127.00;-127.00;0.00;0.00;0.00;0.00;0.00
2020-05-29;18:57:29;-127.00;-127.00;0.00;0.00;0.00;0.00;0.00
2020-05-29;18:58:29;-127.00;-127.00;0.00;0.00;0.00;0.00;0.00
2020-05-29;18:59:30;-127.00;-127.00;0.00;0.00;0.00;0.00;0.00
2020-05-29;19:00:30;-127.00;-127.00;0.00;0.00;0.00;0.00;0.00
2020-05-29;19:01:31;-127.00;-127.00;0.00;0.00;0.00;0.00;0.00
2020-05-29;19:02:31;-127.00;-127.00;0.00;0.00;0.00;0.00;0.00
2020-05-29;19:03:32;-127.00;-127.00;0.00;0.00;0.00;0.00;0.00
2020-05-29;19:04:32;-127.00;-127.00;0.00;0.00;0.00;0.00;0.00
2020-05-29;19:05:33;-127.00;-127.00;0.00;0.00;0.00;0.00;0.00
2020-05-29;19:06:33;-127.00;-127.00;0.00;0.00;0.00;0.00;0.00
2020-05-29;19:07:33;-127.00;-127.00;0.00;0.00;0.00;0.00;0.00
2020-05-29;19:08:34;-127.00;-127.00;0.00;0.00;0.00;0.00;0.00
2020-05-29;19:09:34;-127.00;-127.00;0.00;0.00;0.00;0.00;0.00
2020-05-29;19:10:35;-127.00;-127.00;0.00;0.00;0.00;0.00;0.00
2020-05-29;19:11:35;-127.00;-127.00;0.00;0.00;0.00;0.00;0.00
2020-05-29;19:12:36;-127.00;-127.00;0.00;0.00;0.00;0.00;0.00
2020-05-29;19:13:36;-127.00;-127.00;0.00;0.00;0.00;0.00;0.00
2020-05-29;19:14:37;-127.00;-127.00;0.00;0.00;0.00;0.00;0.00
2020-05-29;19:15:37;-127.00;-127.00;0.00;0.00;0.00;0.00;0.00
2020-05-29;19:16:38;-127.00;-127.00;0.00;0.00;0.00;0.00;0.00
2020-05-29;19:17:38;-127.00;-127.00;0.00;0.00;0.00;0.00;0.00
2020-05-29;19:18:38;-127.00;-127.00;0.00;0.00;0.00;0.00;0.00
2020-05-29;19:19:39;-127.00;-127.00;0.00;0.00;0.00;0.00;0.00
2020-05-29;19:20:39;-127.00;-127.00;0.00;0.00;0.00;0.00;0.00
2020-05-29;19:21:40;-127.00;-127.00;0.00;0.00;0.00;0.00;0.00
2020-05-29;19:22:40;-127.00;-127.00;0.00;0.00;0.00;0.00;0.00
2020-05-29;19:23:41;-127.00;-127.00;0.00;0.00;0.00;0.00;0.00
2020-05-29;19:24:41;-127.00;-127.00;0.00;0.00;0.00;0.00;0.00
2020-05-29;19:25:42;-127.00;-127.00;0.00;0.00;0.00;0.00;0.00
2020-05-29;19:26:42;-127.00;-127.00;0.00;0.00;0.00;0.00;0.00
2020-05-29;19:27:43;-127.00;-127.00;0.00;0.00;0.00;0.00;0.00
2020-05-29;19:28:43;-127.00;-127.00;0.00;0.00;0.00;0.00;0.00
2020-05-29;19:29:44;-127.00;-127.00;0.00;0.00;0.00;0.00;0.00
2020-05-29;19:30:44;-127.00;-127.00;0.00;0.00;0.00;0.00;0.00
2020-05-29;19:31:44;-127.00;-127.00;0.00;0.00;0.00;0.00;0.00
2020-05-29;19:32:45;-127.00;-127.00;0.00;0.00;0.00;0.00;0.00
2020-05-29;19:33:45;-127.00;-127.00;0.00;0.00;0.00;0.00;0.00
2020-05-29;19:34:46;-127.00;-127.00;0.00;0.00;0.00;0.00;0.00
2020-05-29;19:35:46;-127.00;-127.00;0.00;0.00;0.00;0.00;0.00
2020-05-29;19:36:47;-127.00;-127.00;0.00;0.00;0.00;0.00;0.00
2020-05-29;19:37:47;-127.00;-127.00;0.00;0.00;0.00;0.00;0.00
2020-05-29;19:38:48;-127.00;-127.00;0.00;0.00;0.00;0.00;0.00
2020-05-29;19:39:48;-127.00;-127.00;0.00;0.00;0.00;0.00;0.00
2020-05-29;19:40:49;-127.00;-127.00;0.00;0.00;0.00;0.00;0.00
2020-05-29;19:41:49;-127.00;-127.00;0.00;0.00;0.00;0.00;0.00
2020-05-29;19:42:49;-127.00;-127.00;0.00;0.00;0.00;0.00;0.00
2020-05-29;19:43:50;-127.00;-127.00;0.00;0.00;0.00;0.00;0.00
2020-05-29;19:44:50;-127.00;-127.00;0.00;0.00;0.00;0.00;0.00
2020-05-29;19:45:51;-127.00;-127.00;0.00;0.00;0.00;0.00;0.00
2020-05-29;19:46:51;-127.00;-127.00;0.00;0.00;0.00;0.00;0.00
2020-05-29;19:47:52;-127.00;-127.00;0.00;0.00;0.00;0.00;0.00
2020-05-29;19:48:52;-127.00;-127.00;0.00;0.00;0.00;0.00;0.00
2020-05-29;19:49:53;-127.00;-127.00;0.00;0.00;0.00;0.00;0.00
2020-05-29;19:50:53;-127.00;-127.00;0.00;0.00;0.00;0.00;0.00
2020-05-29;19:51:54;-127.00;-127.00;0.00;0.00;0.00;0.00;0.00
2020-05-29;19:52:54;-127.00;-127.00;0.00;0.00;0.00;0.00;0.00
2020-05-29;19:53:55;-127.00;-127.00;0.00;0.00;0.00;0.00;0.00
2020-05-29;19:54:55;-127.00;-127.00;0.00;0.00;0.00;0.00;0.00
2020-05-29;19:55:55;-127.00;-127.00;0.00;0.00;0.00;0.00;0.00
2020-05-29;19:56:56;-127.00;-127.00;0.00;0.00;0.00;0.00;0.00
2020-05-29;19:57:56;-127.00;-127.00;0.00;0.00;0.00;0.00;0.00
2020-05-29;19:58:57;-127.00;-127.00;0.00;0.00;0.00;0.00;0.00
2020-05-29;19:59:57;-127.00;-127.00;0.00;0.00;0.00;0.00;0.00
2020-05-29;20:00:58;-127.00;-127.00;0.00;0.00;0.00;0.00;0.00
2020-05-29;20:01:58;-127.00;-127.00;0.00;0.00;0.00;0.00;0.00
2020-05-29;20:02:59;-127.00;-127.00;0.00;0.00;0.00;0.00;0.00
2020-05-29;20:03:59;-127.00;-127.00;0.00;0.00;0.00;0.00;0.00
2020-05-29;20:05:00;-127.00;-127.00;0.00;0.00;0.00;0.00;0.00
2020-05-29;20:06:00;-127.00;-127.00;0.00;0.00;0.00;0.00;0.00
2020-05-29;20:07:01;-127.00;-127.00;0.00;0.00;0.00;0.00;0.00
2020-05-29;20:08:01;-127.00;-127.00;0.00;0.00;0.00;0.00;0.00
2020-05-29;20:09:01;-127.00;-127.00;0.00;0.00;0.00;0.00;0.00
2020-05-29;20:10:02;-127.00;-127.00;0.00;0.00;0.00;0.00;0.00
2020-05-29;20:11:02;-127.00;-127.00;0.00;0.00;0.00;0.00;0.00
2020-05-29;20:12:03;-127.00;-127.00;0.00;0.00;0.00;0.00;0.00
2020-05-29;20:13:03;-127.00;-127.00;0.00;0.00;0.00;0.00;0.00
2020-05-29;20:14:04;-127.00;-127.00;0.00;0.00;0.00;0.00;0.00
2020-05-29;20:15:04;-127.00;-127.00;0.00;0.00;0.00;0.00;0.00
2020-05-29;20:16:05;-127.00;-127.00;0.00;0.00;0.00;0.00;0.00
2020-05-29;20:17:05;-127.00;-127.00;0.00;0.00;0.00;0.00;0.00
2020-05-29;20:18:06;-127.00;-127.00;0.00;0.00;0.00;0.00;0.00
2020-05-29;20:18:30;-127.00;-127.00;0.00;0.00;0.00;0.00;0.00
2020-05-29;20:19:30;-127.00;-127.00;0.00;0.00;0.00;0.00;0.00
2020-05-29;23:12:54;-127.00;-127.00;0.00;0.00;0.00;0.00;0.00
2020-05-29;23:13:07;-127.00;-127.00;0.00;0.00;0.00;0.00;0.00
2020-05-29;23:45:27;-127.00;-127.00;0.00;0.00;0.00;0.00;0.00
2020-05-29;23:46:24;-127.00;-127.00;0.00;0.00;0.00;0.00;0.00
2020-05-29;23:46:40;-127.00;-127.00;0.00;0.00;0.00;0.00;0.00
2020-05-29;23:47:50;-127.00;-127.00;0.00;0.00;0.00;0.00;0.00
